id,sex,age,height,weight,BMI,BMI Class,chest length,waist length,hip,inseam,outseam,arm length,shoulder_distance
3109M,male,38,175.0,95.3,31.1,obese,103.0,97.0,104.0,83.0,103.0,56.0,40.133976174808005
3110M,male,31,170.6,69.9,24.0,normal,100.0,80.0,96.0,78.0,100.0,56.0,33.8033922142008
3111M,male,23,172.6,96.2,32.3,obese,112.0,89.0,111.0,74.0,98.0,57.0,42.40769970266201
3112M,male,43,166.3,69.3,25.1,overweight,91.0,84.0,93.0,76.0,82.0,51.0,37.171535615176566
3113M,male,45,175.6,123.5,40.1,extrmly obese,124.0,107.0,116.0,72.0,93.0,60.0,43.098121905485826
3114M,male,35,168.0,71.3,25.3,overweight,95.0,84.0,93.0,81.0,97.0,52.0,38.81199982248442
3115M,male,40,182.4,76.4,23.0,normal,97.0,84.0,95.0,85.0,107.0,60.0,39.30093327180525
3116M,male,23,176.3,106.4,34.2,obese,113.0,109.0,115.0,67.0,88.0,59.0,35.31596049717302
3117M,male,22,160.2,64.2,25.0,overweight,88.0,71.0,88.0,74.0,96.0,54.0,30.822482850731518
3118M,male,26,173.0,75.4,25.2,overweight,95.0,80.0,90.0,68.0,80.0,52.0,40.191724016864306
3119M,male,22,180.6,98.9,30.3,obese,109.0,99.0,108.0,77.0,98.0,60.0,34.06164653511938
3120M,male,43,172.7,80.1,26.9,overweight,101.0,94.0,103.0,79.0,99.0,56.0,38.94627074844063
3121M,male,47,170.5,72.5,24.9,normal,105.0,86.0,93.0,73.0,95.0,55.0,40.749607029604405
3122M,male,32,173.5,72.5,24.0,normal,101.0,85.0,98.0,72.0,95.0,51.0,36.05171962116637
3123M,male,37,170.2,94.1,32.5,obese,107.0,100.0,109.0,81.0,93.0,56.0,40.06837005195701
3124M,male,20,170.8,52.0,17.8,underweight,80.0,76.0,88.0,70.0,83.0,49.0,37.48188400680762
3125M,male,32,173.3,70.7,23.5,normal,95.0,78.0,98.0,85.0,100.0,58.0,41.85913917067462
3126M,male,30,180.0,81.1,25.0,overweight,96.0,81.0,95.0,85.0,106.0,56.0,40.1475604815192
3127M,male,28,166.0,91.0,33.0,obese,108.0,100.0,989.0,82.0,73.0,57.0,39.429976841833074
3128M,male,27,174.2,69.4,22.9,normal,96.0,83.0,90.0,70.0,83.0,53.0,39.56967642115878
3129M,male,25,173.9,100.9,33.4,obese,111.0,95.0,111.0,70.0,90.0,57.0,37.92212310262983
3130M,male,28,176.2,78.0,25.1,overweight,87.0,82.0,97.0,84.0,100.0,54.0,33.14883233052561
3131M,male,23,164.8,59.4,21.9,normal,92.0,74.0,91.0,74.0,94.0,55.0,34.22674415462654
3132M,male,32,175.0,73.0,23.8,normal,93.0,87.0,90.0,70.0,82.0,58.0,37.727672075770705
3133M,male,22,175.0,77.0,25.1,overweight,93.0,66.0,87.0,83.0,109.0,62.0,33.341508787825745
3134M,male,53,169.6,66.6,23.1,normal,94.0,81.0,91.0,71.0,100.0,57.0,34.61998923445292
3135M,male,32,178.8,82.6,25.8,overweight,100.0,93.0,98.0,82.0,102.0,54.0,39.01146362305751
3136M,male,44,160.4,66.7,25.9,overweight,96.0,85.0,90.0,68.0,89.0,55.0,28.731660223939812
3137M,male,34,174.1,71.6,23.6,normal,87.0,79.0,94.0,64.0,85.0,55.0,34.958694407843765
3138M,male,22,179.5,83.6,25.9,overweight,104.0,84.0,97.0,86.0,97.0,56.0,38.050688449320575
3139M,male,26,178.8,59.5,18.6,normal,90.0,76.0,92.0,86.0,108.0,66.0,34.25048276320121
3140M,male,45,170.5,75.8,26.1,overweight,99.0,87.0,95.0,79.0,92.0,55.0,36.52487740297911
3141M,male,36,171.7,68.9,23.4,normal,93.0,81.0,98.0,75.0,100.0,55.0,33.48169345301183
3142M,male,25,173.3,61.9,20.6,normal,84.0,79.0,87.0,69.0,92.0,58.0,34.61926482687593
3143M,male,29,180.0,54.9,16.9,underweight,84.0,67.0,86.0,81.0,104.0,60.0,31.656038346220612
3144M,male,53,168.1,70.5,24.9,normal,93.0,87.0,99.0,83.0,96.0,55.0,35.95623698589489
3145M,male,25,175.0,65.8,21.5,normal,94.0,79.0,96.0,80.0,100.0,59.0,35.885459208614705
3146M,male,25,174.7,75.7,24.7,normal,105.0,86.0,98.0,79.0,103.0,61.0,37.276711861088664
3147M,male,23,174.8,61.1,20.0,normal,89.0,78.0,90.0,73.0,94.0,60.0,35.948470484051605
3148M,male,46,173.9,76.3,25.2,overweight,100.0,82.0,95.0,78.0,100.0,59.0,31.938578189292482
3149M,male,21,180.7,77.8,23.8,normal,106.0,78.0,97.0,81.0,103.0,59.0,34.66830268099167
3150M,male,21,182.0,73.1,22.1,normal,93.0,74.0,97.0,81.0,106.0,61.0,38.15742568936775
3151M,male,58,163.2,66.8,25.1,overweight,90.0,81.0,89.0,67.0,75.0,51.0,34.63151281110514
3152M,male,54,170.3,53.5,18.4,underweight,89.0,76.0,85.0,85.0,93.0,56.0,33.95997758034481
3153M,male,20,179.1,84.7,26.4,overweight,109.0,89.0,103.0,77.0,101.0,60.0,39.54855856051144
3154M,male,22,180.2,85.2,26.2,overweight,96.0,82.0,87.0,82.0,91.0,54.0,35.37613993504187
3155M,male,58,174.6,80.5,26.4,overweight,99.0,90.0,96.0,74.0,84.0,53.0,36.42707488495438
3156M,male,43,171.4,65.5,22.3,normal,93.0,88.0,91.0,74.0,97.0,57.0,33.49175593881598
3157M,male,26,168.3,62.3,22.0,normal,90.0,76.0,93.0,75.0,96.0,55.0,35.63091155458274
3158M,male,27,173.0,51.0,17.0,underweight,79.0,63.0,88.0,78.0,99.0,58.0,33.75776889241022
3159M,male,22,171.9,95.0,32.1,obese,109.0,101.0,109.0,71.0,93.0,58.0,38.189149887755896
3160M,male,46,181.2,60.5,18.4,underweight,85.0,74.0,89.0,80.0,97.0,52.0,31.08254813003747
3161M,male,36,181.5,108.1,32.8,obese,116.0,102.0,109.0,80.0,101.0,60.0,38.28781594686708
3162M,male,31,178.0,95.3,30.1,obese,100.0,96.0,108.0,79.0,102.0,61.0,37.66635868965965
3163M,male,21,166.5,66.1,23.8,normal,95.0,71.0,94.0,78.0,94.0,56.0,38.86337622647235
3164M,male,39,168.8,81.0,28.4,overweight,108.0,90.0,96.0,69.0,90.0,59.0,40.84505311937825
3165M,male,31,173.0,76.0,25.4,overweight,92.0,83.0,94.0,75.0,87.0,54.0,35.385337313249195
3166M,male,50,173.0,90.0,30.1,obese,103.0,90.0,104.0,79.0,103.0,59.0,36.787196331769714
3167M,male,20,178.8,74.1,23.2,normal,86.0,85.0,97.0,72.0,84.0,57.0,33.02487993144858
3168M,male,21,173.9,107.2,35.4,obese,119.0,106.0,110.0,76.0,94.0,60.0,39.273524901926464
3169M,male,23,178.0,99.0,31.2,obese,116.0,99.0,106.0,80.0,100.0,61.0,45.16774687854022
3170M,male,32,184.4,81.0,23.8,normal,92.0,81.0,92.0,78.0,82.0,60.0,42.20581531647252
3171M,male,36,174.4,99.1,32.6,obese,111.0,101.0,108.0,75.0,98.0,57.0,40.27033650603783
3172M,male,28,171.6,71.4,24.2,normal,99.0,75.0,91.0,85.0,99.0,59.0,33.72280441025896
3173M,male,30,163.0,106.5,40.1,extrmly obese,108.0,97.0,107.0,71.0,93.0,55.0,31.68822944602635
3174M,male,39,166.3,57.6,20.8,normal,90.0,77.0,88.0,74.0,84.0,53.0,36.24374059884057
3175M,male,33,173.6,62.5,20.7,normal,85.0,78.0,89.0,86.0,100.0,57.0,35.53926560364655
3176M,male,21,184.0,73.0,21.6,normal,88.0,82.0,95.0,90.0,99.0,61.0,34.22896603188047
3177M,male,44,163.3,70.2,26.3,overweight,95.0,80.0,94.0,78.0,93.0,57.0,39.386597223075285
3178M,male,32,179.7,83.4,25.8,overweight,96.0,84.0,94.0,77.0,92.0,55.0,41.876802589754725
3179M,male,29,174.9,63.9,20.9,normal,89.0,77.0,88.0,81.0,103.0,57.0,34.01014438553595
3180M,male,32,175.5,95.1,30.9,obese,108.0,100.0,105.0,70.0,82.0,58.0,39.92694398664821
3181M,male,28,171.0,74.3,25.4,overweight,100.0,88.0,93.0,76.0,95.0,58.0,34.689569121128024
3182M,male,41,170.7,98.6,33.8,obese,109.0,100.0,106.0,80.0,93.0,57.0,37.242438778891774
3183M,male,47,172.0,67.2,22.7,normal,93.0,85.0,92.0,74.0,83.0,54.0,41.286177121692255
3184M,male,29,163.3,80.1,30.0,obese,96.0,83.0,97.0,69.0,88.0,54.0,33.89616836981864
3185M,male,34,171.1,70.7,24.2,normal,94.0,77.0,94.0,82.0,99.0,56.0,34.67558607482182
3186M,male,25,171.6,65.3,22.2,normal,94.0,75.0,86.0,86.0,96.0,55.0,32.79991079345012
3187M,male,23,178.4,58.6,18.4,underweight,92.0,69.0,90.0,77.0,102.0,58.0,37.75063028249149
3188M,male,33,183.1,84.0,25.1,overweight,98.0,90.0,100.0,81.0,107.0,62.0,35.92156438218016
3189M,male,38,164.7,72.1,26.6,overweight,102.0,88.0,94.0,72.0,91.0,54.0,34.46731713767886
3190M,male,55,183.0,83.9,25.1,overweight,99.0,87.0,100.0,90.0,96.0,59.0,37.42259647114045
3191M,male,37,166.7,88.5,31.8,obese,105.0,98.0,102.0,70.0,96.0,59.0,36.830899338881395
3192M,male,27,171.1,62.4,21.3,normal,88.0,80.0,91.0,77.0,83.0,56.0,37.21261195517012
3193M,male,28,176.3,93.4,30.0,obese,102.0,95.0,101.0,76.0,100.0,59.0,39.78653640940046
3194M,male,35,185.7,66.8,19.4,normal,86.0,79.0,87.0,87.0,109.0,58.0,42.01063089563526
3195M,male,37,178.1,84.9,26.8,overweight,105.0,86.0,100.0,80.0,104.0,57.0,36.31374720784013
3196M,male,25,163.8,73.1,27.2,overweight,96.0,85.0,100.0,73.0,93.0,55.0,34.30687253832393
3197M,male,21,174.7,70.4,23.0,normal,98.0,81.0,95.0,78.0,91.0,51.0,35.14257220849826
3198M,male,25,175.1,86.3,28.1,overweight,110.0,93.0,101.0,83.0,97.0,59.0,35.277451966329515
3199M,male,41,178.1,70.3,22.2,normal,91.0,81.0,95.0,78.0,83.0,55.0,34.38998354329405
3200M,male,30,175.3,92.3,30.0,obese,100.0,91.0,99.0,84.0,95.0,57.0,35.80479583496785
3201M,male,35,161.2,73.0,28.1,overweight,96.0,88.0,96.0,70.0,80.0,52.0,33.926992217610895
3202M,male,30,171.3,75.1,25.6,overweight,96.0,90.0,100.0,70.0,87.0,58.0,40.13586877343927
3203M,male,23,168.6,52.4,18.4,underweight,80.0,67.0,78.0,84.0,91.0,55.0,32.146736655145865
3204M,male,51,171.6,76.4,25.9,overweight,91.0,85.0,98.0,83.0,100.0,55.0,35.01055166846851
3205M,male,27,176.5,101.9,32.7,obese,114.0,110.0,120.0,79.0,93.0,61.0,38.670200765125124
3206M,male,21,172.7,77.0,25.8,overweight,101.0,77.0,100.0,75.0,102.0,60.0,37.262409069631346
3207M,male,26,175.4,66.6,21.6,normal,96.0,76.0,93.0,75.0,98.0,58.0,36.508248828569194
3208M,male,32,184.8,73.8,21.6,normal,92.0,87.0,98.0,87.0,106.0,60.0,38.12807332394878
3209M,male,35,162.0,56.0,21.3,normal,85.0,73.0,86.0,70.0,80.0,55.0,30.29368321178164
3210M,male,26,171.5,61.8,21.0,normal,85.0,77.0,94.0,76.0,100.0,55.0,34.11288234372115
3211M,male,23,184.7,70.3,20.6,normal,87.0,76.0,95.0,87.0,110.0,64.0,40.63325917680384
3212M,male,25,172.8,76.6,25.7,overweight,96.0,89.0,92.0,72.0,86.0,52.0,40.20718301548134
3213M,male,35,177.1,86.3,27.5,overweight,6.0,91.0,100.0,75.0,99.0,59.0,38.55912719282409
3214M,male,43,169.7,77.4,26.9,overweight,103.0,90.0,98.0,76.0,96.0,57.0,40.3203646282405
3215M,male,47,175.1,80.3,26.2,overweight,97.0,86.0,100.0,77.0,102.0,57.0,38.31669026483801
3216M,male,42,172.4,76.0,25.6,overweight,93.0,92.0,97.0,75.0,87.0,57.0,33.75836269202653
3217M,male,24,176.9,104.0,33.2,obese,103.0,112.0,109.0,94.0,101.0,61.0,43.2587620601882
3218M,male,38,171.4,72.0,24.5,normal,98.0,87.0,91.0,75.0,92.0,65.0,37.622673966347385
3219M,male,21,184.9,62.5,18.3,underweight,86.0,72.0,92.0,82.0,106.0,61.0,35.46133949330746
3220M,male,25,182.7,61.7,18.5,underweight,86.0,72.0,88.0,81.0,106.0,61.0,35.7444365422944
3221M,male,28,175.8,65.5,21.2,normal,95.0,76.0,89.0,79.0,101.0,58.0,35.5559050800705
3222M,male,59,183.5,75.7,22.5,normal,94.0,90.0,96.0,85.0,106.0,60.0,38.159727135196505
3223M,male,31,163.7,68.0,25.4,overweight,94.0,81.0,91.0,77.0,95.0,56.0,38.005560747875045
3224M,male,35,160.0,64.2,25.1,overweight,90.0,80.0,88.0,77.0,87.0,56.0,38.73393677769552
3225M,male,20,173.3,74.5,24.8,normal,95.0,88.0,98.0,77.0,96.0,58.0,36.31156492403814
3226M,male,52,180.6,81.6,25.0,overweight,98.0,89.0,101.0,82.0,106.0,63.0,36.47684944470882
3227M,male,21,175.8,80.6,26.1,overweight,99.0,86.0,98.0,74.0,81.0,57.0,43.74530661682757
3228M,male,33,172.0,74.0,25.0,overweight,88.0,76.0,90.0,77.0,87.0,53.0,32.93670487866808
3229M,male,44,179.0,79.9,24.9,normal,106.0,91.0,100.0,75.0,101.0,58.0,31.08988944764043
3230M,male,27,181.8,83.6,25.3,overweight,94.0,85.0,98.0,9.0,106.0,58.0,42.89375798324121
3231M,male,38,164.3,60.1,22.3,normal,88.0,76.0,87.0,72.0,91.0,55.0,32.65264131089767
3232M,male,34,170.0,97.0,33.6,obese,107.0,97.0,99.0,70.0,80.0,53.0,40.88456454907781
3233M,male,48,178.6,76.5,24.0,normal,102.0,85.0,99.0,85.0,99.0,56.0,38.607375026248995
3234M,male,27,170.3,79.0,27.2,overweight,99.0,93.0,101.0,74.0,96.0,59.0,39.909515227735625
3235M,male,36,178.1,85.7,27.0,overweight,100.0,98.0,97.0,82.0,98.0,55.0,41.00825813489041
3236M,male,24,180.0,81.2,25.1,overweight,97.0,88.0,96.0,77.0,102.0,57.0,38.4908148505552
3237M,male,25,174.0,76.4,25.2,overweight,100.0,84.0,98.0,77.0,97.0,58.0,43.218015344141456
3238M,male,26,168.2,67.2,23.8,normal,95.0,77.0,98.0,74.0,92.0,55.0,31.014055765940366
3239M,male,58,172.0,82.0,27.7,overweight,99.0,91.0,98.0,68.0,87.0,52.0,41.453318326008834
3240M,male,31,172.5,54.9,18.4,underweight,82.0,78.0,88.0,83.0,95.0,57.0,35.46896002980199
3241M,male,32,174.1,77.2,25.5,overweight,106.0,88.0,98.0,78.0,98.0,57.0,35.43077858116167
3242M,male,28,183.5,102.0,30.3,obese,102.0,92.0,102.0,82.0,107.0,61.0,33.65156017381386
3243M,male,35,174.9,60.4,19.7,normal,85.0,77.0,93.0,76.0,81.0,52.0,32.05177893124184
3244M,male,34,179.0,90.0,28.1,overweight,97.0,94.0,104.0,80.0,86.0,57.0,41.787696179814866
3245M,male,39,167.7,77.5,27.6,overweight,96.0,93.0,90.0,70.0,82.0,55.0,38.62621999719203
3246M,male,33,178.0,79.6,25.1,overweight,93.0,86.0,97.0,87.0,104.0,58.0,34.08444992470856
3247M,male,49,160.5,65.5,25.4,overweight,92.0,85.0,93.0,70.0,92.0,55.0,35.45477599096597
3248M,male,24,174.1,96.8,31.9,obese,108.0,97.0,109.0,74.0,97.0,59.0,42.26738794878154
3249M,male,29,180.7,99.6,30.5,obese,102.0,97.0,109.0,80.0,105.0,61.0,42.29407732362945
3250M,male,21,183.0,85.0,25.4,overweight,98.0,87.0,106.0,82.0,103.0,54.0,34.73801454818759
3251M,male,32,165.0,68.5,25.2,overweight,91.0,77.0,93.0,71.0,94.0,54.0,37.999612076683306
3252M,male,31,174.3,93.3,30.7,obese,102.0,95.0,106.0,80.0,102.0,58.0,41.68155251525484
3253M,male,36,165.3,77.6,28.4,overweight,97.0,88.0,99.0,64.0,76.0,55.0,41.723689529981904
3254M,male,20,172.0,69.6,23.5,normal,89.0,74.0,93.0,84.0,98.0,60.0,37.7727967855319
3255M,male,24,169.5,76.7,26.7,overweight,103.0,82.0,102.0,76.0,98.0,62.0,36.898556170262964
3256M,male,33,185.8,86.4,25.0,overweight,102.0,90.0,98.0,81.0,104.0,61.0,34.234645832950704
3257M,male,21,178.5,70.7,22.2,normal,105.0,83.0,95.0,81.0,106.0,59.0,35.553622198427576
3258M,male,31,172.8,72.7,24.3,normal,95.0,85.0,95.0,84.0,98.0,58.0,35.84006613555323
3259M,male,32,160.0,80.0,31.3,obese,100.0,104.0,105.0,64.0,77.0,58.0,33.88155886421437
3260M,male,25,177.7,75.1,23.8,normal,100.0,76.0,98.0,79.0,103.0,57.0,41.392152980981415
3261M,male,26,176.6,85.1,27.3,overweight,105.0,91.0,102.0,76.0,95.0,55.0,36.72755217246899
3262M,male,31,183.3,79.0,23.5,normal,95.0,90.0,99.0,94.0,107.0,61.0,34.55398167059797
3263M,male,51,169.1,75.4,26.4,overweight,100.0,90.0,94.0,74.0,96.0,57.0,34.3435256970182
3264M,male,22,177.0,82.0,26.2,overweight,97.0,87.0,105.0,79.0,102.0,60.0,38.30358282398399
3265M,male,27,167.6,71.6,25.5,overweight,91.0,84.0,96.0,73.0,97.0,56.0,33.583322628354864
3266M,male,39,170.0,54.2,18.8,normal,83.0,69.0,85.0,74.0,95.0,54.0,32.35806431091613
7001F,female,30,168.1,93.1,32.9,obese,109.0,96.0,108.0,76.0,95.0,49.0,34.816649647419666
7002F,female,33,163.0,54.5,20.5,normal,91.0,73.0,91.0,71.0,96.0,49.0,33.0802633572277
7003F,female,25,160.7,46.4,18.0,underweight,76.0,62.0,96.0,73.0,91.0,53.0,28.205743462905595
7004F,female,56,153.4,59.5,25.2,overweight,94.0,73.0,93.0,68.0,83.0,44.0,34.7943340394073
7005F,female,26,171.4,56.0,19.1,normal,82.0,68.0,91.0,83.0,100.0,51.0,30.847549503472003
7006F,female,20,155.4,49.8,20.6,normal,84.0,62.0,89.0,72.0,89.0,43.0,28.636832530210214
7007F,female,20,165.7,93.9,34.2,obese,118.0,103.0,108.0,73.0,88.0,48.0,38.70832573329192
7008F,female,21,162.0,43.7,16.7,underweight,80.0,61.0,84.0,78.0,93.0,54.0,27.32978440838809
7009F,female,44,155.4,49.1,20.3,normal,85.0,70.0,89.0,67.0,88.0,44.0,31.65647994610693
7010F,female,26,162.9,73.7,27.8,overweight,97.0,87.0,104.0,71.0,92.0,45.0,34.346057671794576
7011F,female,30,168.8,54.8,19.2,normal,84.0,73.0,90.0,75.0,95.0,49.0,30.090570852194727
7012F,female,36,167.4,69.3,24.7,normal,91.0,78.0,106.0,75.0,94.0,47.0,34.69214882027167
7013F,female,33,166.8,67.8,24.4,normal,95.0,81.0,105.0,76.0,100.0,48.0,31.893399794140393
7014F,female,38,171.0,88.0,30.1,obese,106.0,91.0,106.0,78.0,97.0,50.0,35.912876788920244
7015F,female,22,165.0,64.6,23.7,normal,92.0,76.0,98.0,79.0,93.0,48.0,31.909521751804807
7016F,female,43,165.9,56.4,20.5,normal,84.0,69.0,95.0,75.0,94.0,50.0,34.89132361678802
7017F,female,30,158.0,63.0,25.2,overweight,81.0,71.0,90.0,71.0,89.0,48.0,29.33776893378194
7018F,female,24,156.8,58.9,24.0,normal,88.0,71.0,96.0,72.0,87.0,46.0,33.041141140941654
7019F,female,21,162.0,68.8,26.2,overweight,104.0,88.0,98.0,75.0,89.0,45.0,33.32668593710323
7020F,female,20,164.7,50.6,18.7,normal,78.0,60.0,93.0,73.0,93.0,47.0,30.64774340097257
7021F,female,34,156.1,61.3,25.2,overweight,87.0,70.0,92.0,77.0,97.0,49.0,29.856771017123968
7022F,female,30,162.3,51.5,19.6,normal,83.0,72.0,90.0,74.0,93.0,47.0,31.03495071766298
7023F,female,55,160.0,102.8,40.2,extrmly obese,125.0,108.0,117.0,71.0,86.0,54.0,41.63180201885421
7024F,female,36,152.4,61.6,26.5,overweight,94.0,82.0,101.0,65.0,82.0,52.0,31.185801104642863
7025F,female,35,165.0,60.5,22.2,normal,93.0,71.0,93.0,75.0,99.0,55.0,32.47033085945416
7026F,female,48,161.7,80.4,30.7,obese,107.0,88.0,106.0,69.0,89.0,46.0,34.70382229137078
7027F,female,22,167.3,48.9,17.5,underweight,83.0,61.0,88.0,73.0,94.0,48.0,30.307889086804277
7028F,female,31,164.4,49.1,18.2,underweight,85.0,65.0,89.0,65.0,87.0,55.0,29.562080793741515
7029F,female,29,168.4,58.1,20.5,normal,85.0,67.0,93.0,77.0,96.0,49.0,28.167072119396636
7030F,female,26,156.9,40.6,16.5,underweight,76.0,57.0,80.0,70.0,88.0,45.0,25.731237569689
7031F,female,23,164.3,62.4,23.1,normal,95.0,80.0,98.0,64.0,86.0,64.0,35.38345668249716
7032F,female,33,168.2,61.1,21.6,normal,87.0,71.0,97.0,77.0,95.0,50.0,34.95685825908873
7033F,female,54,158.0,53.7,21.4,normal,91.0,79.0,92.0,70.0,92.0,46.0,31.057187498923128
7034F,female,36,162.3,66.3,25.2,overweight,89.0,71.0,94.0,75.0,95.0,47.0,34.622744143149106
7035F,female,52,163.0,49.5,18.6,normal,85.0,72.0,91.0,72.0,92.0,48.0,35.47878375931349
7036F,female,44,173.5,61.4,20.4,normal,87.0,75.0,96.0,82.0,102.0,49.0,30.258313752137045
7037F,female,23,159.7,48.1,18.9,normal,90.0,65.0,88.0,73.0,93.0,52.0,30.90491637515978
7038F,female,38,153.5,59.0,25.0,overweight,87.0,74.0,97.0,67.0,85.0,45.0,32.29843367737799
7039F,female,22,163.7,44.6,16.6,underweight,79.0,61.0,87.0,75.0,95.0,46.0,28.322770014605304
7040F,female,44,153.0,50.8,21.7,normal,81.0,65.0,90.0,65.0,86.0,41.0,26.732213126742298
7041F,female,53,160.8,71.2,27.5,overweight,108.0,89.0,99.0,71.0,86.0,45.0,32.86399339194277
7042F,female,23,158.0,64.5,25.8,overweight,95.0,75.0,96.0,71.0,90.0,48.0,33.27995249386541
7043F,female,29,155.3,44.8,18.6,normal,87.0,65.0,88.0,72.0,88.0,48.0,31.44697799944676
7044F,female,32,164.3,108.0,40.0,extrmly obese,121.0,112.0,118.0,76.0,92.0,46.0,37.795354610738386
7045F,female,45,159.2,51.0,20.1,normal,85.0,68.0,90.0,72.0,89.0,44.0,29.531543827822237
7046F,female,36,159.1,58.1,23.0,normal,88.0,74.0,93.0,68.0,88.0,45.0,28.76544595218344
7047F,female,20,166.0,85.8,31.1,obese,113.0,93.0,104.0,75.0,99.0,54.0,37.42794018914358
7048F,female,23,169.0,53.0,18.6,normal,79.0,68.0,94.0,78.0,97.0,53.0,26.996967199994167
7049F,female,36,155.9,54.4,22.4,normal,84.0,70.0,99.0,68.0,87.0,47.0,30.30585860876171
7050F,female,21,167.7,61.1,21.7,normal,91.0,70.0,96.0,76.0,86.0,49.0,33.213187341491206
7051F,female,30,164.1,59.9,22.2,normal,87.0,72.0,96.0,74.0,91.0,49.0,31.76038468199768
7052F,female,39,164.0,62.6,23.3,normal,95.0,82.0,95.0,72.0,93.0,49.0,30.716254341125413
7053F,female,48,166.4,90.5,32.7,obese,104.0,86.0,111.0,75.0,90.0,50.0,35.73959895506078
7054F,female,55,154.7,56.0,23.4,normal,91.0,76.0,91.0,68.0,77.0,48.0,31.4951334855521
7055F,female,28,161.3,55.3,21.3,normal,85.0,68.0,92.0,69.0,85.0,43.0,30.413396906310723
7056F,female,23,167.0,51.3,18.4,underweight,85.0,65.0,85.0,77.0,91.0,54.0,30.341769349319367
7057F,female,21,167.3,112.3,40.1,extrmly obese,117.0,98.0,114.0,72.0,89.0,48.0,39.320552431858296
7058F,female,39,171.9,61.9,20.9,normal,97.0,76.0,97.0,75.0,95.0,47.0,34.67567258677433
7059F,female,21,161.5,49.7,19.1,normal,82.0,66.0,89.0,73.0,94.0,46.0,34.96324069050198
7060F,female,36,155.6,51.0,21.1,normal,85.0,67.0,88.0,68.0,86.0,42.0,26.709698469798283
7061F,female,26,159.6,61.9,24.3,normal,89.0,75.0,97.0,72.0,92.0,45.0,33.94365580326013
7062F,female,40,156.0,98.3,40.4,extrmly obese,123.0,107.0,120.0,67.0,88.0,50.0,36.516132069548306
7063F,female,22,167.7,84.5,30.0,obese,107.0,87.0,107.0,74.0,93.0,51.0,31.569253049218126
7064F,female,39,165.1,50.0,18.3,underweight,85.0,69.0,94.0,74.0,94.0,46.0,34.67566521890903
7065F,female,39,159.0,56.0,22.2,normal,88.0,75.0,93.0,72.0,91.0,46.0,31.06113858875336
7066F,female,26,167.8,58.1,20.6,normal,91.0,70.0,96.0,77.0,93.0,46.0,33.819043363855414
7067F,female,20,161.9,72.0,27.5,overweight,98.0,80.0,106.0,74.0,96.0,47.0,35.596896769688406
7068F,female,20,167.4,62.4,22.3,normal,91.0,79.0,98.0,79.0,96.0,49.0,29.59524532394095
7069F,female,39,165.5,46.2,16.9,underweight,80.0,62.0,87.0,76.0,91.0,48.0,32.160644136643505
7070F,female,30,164.3,47.3,17.5,underweight,77.0,59.0,88.0,74.0,92.0,49.0,31.26553812540412
7071F,female,26,160.0,78.0,30.5,obese,103.0,85.0,110.0,72.0,91.0,52.0,33.33518755990505
7072F,female,27,168.0,51.0,18.1,underweight,79.0,65.0,92.0,78.0,95.0,55.0,32.14404086954813
7073F,female,33,164.5,50.0,18.5,underweight,84.0,70.0,101.0,74.0,93.0,48.0,32.85645895843446
7074F,female,30,174.8,58.4,19.1,normal,84.0,71.0,100.0,78.0,101.0,54.0,34.12059352074107
7075F,female,39,154.4,71.9,30.2,obese,103.0,92.0,103.0,65.0,85.0,42.0,34.167436888810755
7076F,female,39,164.9,68.1,25.0,overweight,98.0,86.0,93.0,75.0,90.0,49.0,32.93115417772533
7077F,female,46,160.7,64.8,25.1,overweight,91.0,75.0,96.0,70.0,82.0,48.0,32.568022559345266
7078F,female,46,159.7,68.4,26.8,overweight,103.0,88.0,101.0,73.0,87.0,46.0,33.54780386735608
7079F,female,25,163.3,47.3,17.7,underweight,82.0,60.0,88.0,74.0,93.0,48.0,32.055523579295524
7080F,female,31,149.3,41.2,18.5,underweight,80.0,61.0,88.0,66.0,81.0,48.0,30.155120614375164
7081F,female,38,167.4,57.8,20.6,normal,83.0,68.0,93.0,78.0,98.0,50.0,33.6282142623096
7082F,female,24,164.0,50.0,18.6,normal,80.0,63.0,89.0,76.0,95.0,51.0,28.23303439029981
7083F,female,48,161.9,66.6,25.4,overweight,90.0,73.0,99.0,72.0,90.0,47.0,32.43442507820306
7084F,female,34,153.0,58.6,25.0,overweight,86.0,68.0,90.0,72.0,90.0,47.0,27.075974195989424
7085F,female,26,162.0,68.9,26.3,overweight,96.0,77.0,106.0,74.0,93.0,49.0,34.75619169308656
7086F,female,54,156.0,55.2,22.6,normal,93.0,80.0,93.0,69.0,88.0,45.0,32.44403267058424
7087F,female,31,171.5,53.2,18.1,underweight,90.0,68.0,95.0,76.0,94.0,49.0,31.676987345149094
7088F,female,38,157.1,56.7,23.0,normal,89.0,71.0,91.0,68.0,85.0,44.0,35.434871144002074
7089F,female,44,154.2,72.1,30.3,obese,101.0,82.0,95.0,60.0,79.0,51.0,34.61380451623021
7090F,female,30,162.5,49.0,18.6,normal,82.0,66.0,89.0,76.0,97.0,48.0,31.11787294684183
7091F,female,45,155.1,60.0,24.9,normal,102.0,92.0,102.0,68.0,82.0,45.0,34.77245102338852
7092F,female,20,162.5,43.8,16.6,underweight,77.0,62.0,90.0,64.0,83.0,53.0,29.93061729348674
7094F,female,28,168.4,53.3,18.8,normal,86.0,64.0,95.0,71.0,92.0,46.0,30.028123845833655
7095F,female,23,154.0,43.6,18.4,underweight,79.0,68.0,85.0,72.0,86.0,44.0,30.515304461157754
7096F,female,38,166.2,62.8,22.7,normal,83.0,69.0,101.0,76.0,95.0,46.0,30.033238649933338
7097F,female,20,157.7,43.6,17.5,underweight,79.0,63.0,85.0,73.0,91.0,51.0,28.73065177783826
7098F,female,25,173.5,79.2,26.3,overweight,102.0,85.0,106.0,82.0,99.0,58.0,30.441796046170886
7099F,female,33,160.2,57.9,22.6,normal,90.0,69.0,100.0,71.0,88.0,51.0,32.96346576384594
7100F,female,34,164.4,56.7,21.0,normal,87.0,73.0,100.0,72.0,92.0,50.0,28.772676969874162
7101F,female,36,161.3,60.6,23.3,normal,96.0,75.0,95.0,70.0,89.0,50.0,30.110696864979186
7102F,female,28,158.1,60.8,24.3,normal,102.0,85.0,94.0,73.0,90.0,54.0,31.256715776437215
7103F,female,38,166.7,55.8,20.1,normal,86.0,66.0,92.0,75.0,95.0,51.0,31.885605059154106
7104F,female,20,163.3,69.4,26.0,overweight,94.0,77.0,103.0,60.0,81.0,58.0,33.74667786040764
7105F,female,31,171.3,88.6,30.2,obese,101.0,83.0,116.0,79.0,102.0,51.0,34.91735802097883
7106F,female,34,160.0,53.5,20.9,normal,82.0,68.0,90.0,72.0,92.0,47.0,32.520979879136206
7107F,female,37,164.5,55.7,20.6,normal,85.0,69.0,99.0,65.0,87.0,55.0,30.15018224439839
7108F,female,51,153.1,83.1,35.5,obese,115.0,104.0,109.0,66.0,81.0,45.0,31.879489971447043
7109F,female,43,161.2,47.9,18.4,underweight,86.0,67.0,92.0,72.0,82.0,48.0,28.317987290109567
7110F,female,22,170.0,72.0,24.9,normal,102.0,82.0,110.0,74.0,97.0,48.0,36.94691170267014
7111F,female,36,158.0,75.5,30.2,obese,103.0,79.0,99.0,68.0,88.0,46.0,32.84423534333449
7112F,female,20,158.5,62.0,24.7,normal,91.0,74.0,100.0,73.0,88.0,50.0,32.23925060894535
7113F,female,48,158.6,65.1,25.9,overweight,97.0,78.0,100.0,69.0,81.0,47.0,33.30897478125184
7114F,female,20,157.4,44.3,17.9,underweight,83.0,62.0,88.0,59.0,79.0,55.0,31.722818498203864
7115F,female,36,174.5,59.4,19.5,normal,86.0,68.0,94.0,82.0,100.0,52.0,32.778862218807596
7116F,female,53,162.6,79.4,30.0,obese,102.0,92.0,105.0,71.0,89.0,47.0,37.5047049809328
7117F,female,28,161.0,78.0,30.1,obese,97.0,81.0,106.0,74.0,87.0,48.0,31.691890148991845
7118F,female,26,158.8,46.1,18.3,underweight,82.0,64.0,86.0,74.0,93.0,46.0,29.249716424417688
7119F,female,44,158.0,54.0,21.6,normal,87.0,70.0,91.0,72.0,92.0,50.0,30.090438503885178
7120F,female,26,164.9,47.7,17.5,underweight,76.0,57.0,85.0,76.0,93.0,45.0,29.923370739098928
7121F,female,30,161.4,65.6,25.2,overweight,89.0,73.0,100.0,74.0,94.0,48.0,29.721983286886985
7122F,female,30,157.9,45.5,18.2,underweight,77.0,61.0,86.0,71.0,89.0,49.0,29.40551305442816
7123F,female,56,161.7,71.3,27.3,overweight,99.0,84.0,97.0,72.0,91.0,47.0,33.27913545875873
7124F,female,28,164.1,57.3,21.3,normal,82.0,69.0,89.0,76.0,90.0,46.0,29.1226257992847
7125F,female,23,169.0,50.6,17.7,underweight,81.0,61.0,89.0,81.0,99.0,50.0,33.796886788237245
7126F,female,28,166.1,60.5,21.9,normal,93.0,74.0,95.0,76.0,94.0,56.0,33.8175971511403
7127F,female,45,160.5,47.5,18.4,underweight,85.0,65.0,93.0,71.0,90.0,46.0,30.42326007525879
7128F,female,34,155.3,43.4,18.0,underweight,79.0,60.0,88.0,74.0,87.0,49.0,30.3695421588466
7129F,female,30,159.7,55.3,21.7,normal,88.0,68.0,92.0,74.0,92.0,47.0,31.957275069217218
7130F,female,48,165.1,64.7,23.7,normal,95.0,76.0,99.0,73.0,98.0,45.0,32.13010955902795
7131F,female,27,165.5,68.7,25.1,overweight,94.0,78.0,100.0,79.0,94.0,56.0,29.0688502440238
7132F,female,25,161.6,50.2,19.2,normal,81.0,65.0,92.0,70.0,85.0,48.0,27.49313685049873
7133F,female,44,170.3,67.4,23.2,normal,95.0,73.0,100.0,76.0,101.0,55.0,33.379102151684094
7134F,female,25,164.3,44.7,16.6,underweight,77.0,59.0,86.0,73.0,94.0,51.0,27.184764042002588
7135F,female,28,166.2,67.1,24.3,normal,95.0,71.0,101.0,73.0,93.0,48.0,35.35521640739562
7136F,female,34,163.7,58.1,21.7,normal,92.0,70.0,92.0,73.0,91.0,48.0,32.9405264590702
7137F,female,30,165.2,86.1,31.5,obese,100.0,92.0,117.0,76.0,94.0,49.0,33.89427469945907
7138F,female,29,169.7,62.6,21.7,normal,90.0,74.0,98.0,75.0,94.0,50.0,32.14170911383671
7139F,female,34,178.1,73.1,23.0,normal,96.0,76.0,105.0,78.0,103.0,55.0,31.53033243002193
7140F,female,34,164.8,57.4,21.1,normal,89.0,70.0,91.0,79.0,97.0,50.0,32.083530036737386
7141F,female,28,152.2,37.6,16.2,underweight,77.0,58.0,82.0,69.0,82.0,47.0,30.69560621808095
7142F,female,35,157.0,45.6,18.5,underweight,76.0,63.0,89.0,74.0,88.0,46.0,34.073655816678105
7143F,female,30,165.2,55.0,20.2,normal,86.0,62.0,93.0,71.0,94.0,47.0,29.209843777997715
7144F,female,22,171.7,58.0,19.7,normal,85.0,69.0,95.0,66.0,91.0,56.0,30.65673312717325
7145F,female,23,165.6,109.1,39.8,obese,127.0,109.0,114.0,75.0,90.0,49.0,38.742976876565734
7146F,female,25,167.5,48.0,17.1,underweight,76.0,62.0,87.0,82.0,99.0,55.0,28.000448240949684
7147F,female,36,159.5,57.3,22.5,normal,92.0,78.0,96.0,74.0,88.0,45.0,28.806424009535586
7148F,female,29,175.4,70.1,22.8,normal,94.0,75.0,104.0,79.0,99.0,52.0,33.52741497408711
7149F,female,22,165.6,50.0,18.2,underweight,86.0,65.0,88.0,72.0,94.0,48.0,28.47814905036599
7150F,female,23,165.1,48.7,17.9,underweight,73.0,62.0,88.0,72.0,94.0,52.0,28.96417295355291
7151F,female,21,155.2,51.6,21.4,normal,85.0,66.0,89.0,70.0,90.0,48.0,33.304383990209736
7152F,female,31,168.7,62.5,22.0,normal,86.0,70.0,97.0,79.0,100.0,52.0,29.47580898868755
7135F,female,28,166.2,67.1,24.3,normal,95.0,71.0,101.0,73.0,93.0,48.0,35.35521640739562
7154F,female,34,153.0,43.0,18.4,underweight,87.0,68.0,86.0,69.0,83.0,48.0,28.221398843047965
7155F,female,22,165.6,53.0,19.3,normal,83.0,64.0,92.0,76.0,95.0,50.0,32.778433730243584
7156F,female,35,169.4,52.5,18.3,underweight,82.0,64.0,94.0,78.0,97.0,49.0,29.592097129556823
7157F,female,27,164.2,54.2,20.1,normal,82.0,68.0,91.0,71.0,86.0,47.0,32.41405587800819
7158F,female,26,158.5,53.7,21.4,normal,87.0,67.0,90.0,71.0,92.0,45.0,29.77030649143489
7159F,female,28,158.0,53.1,21.3,normal,83.0,71.0,95.0,60.0,85.0,55.0,32.01875621176397
7160F,female,28,166.0,68.9,25.0,overweight,92.0,72.0,98.0,77.0,95.0,49.0,33.28425653463179
7161F,female,23,165.2,47.8,17.5,underweight,79.0,62.0,89.0,75.0,94.0,48.0,32.08406748323218
7162F,female,36,158.0,45.1,18.1,underweight,79.0,66.0,89.0,71.0,89.0,45.0,28.57416919435289
7163F,female,32,160.0,56.4,22.0,normal,90.0,70.0,96.0,74.0,92.0,46.0,33.757111515063414
7164F,female,24,162.8,43.9,16.6,underweight,75.0,57.0,83.0,74.0,91.0,48.0,31.31581890625916
7165F,female,23,158.5,52.5,20.9,normal,83.0,61.0,91.0,72.0,94.0,49.0,29.90734695017231
7166F,female,22,171.1,66.3,22.6,normal,93.0,74.0,96.0,77.0,93.0,55.0,35.95112754287984
7167F,female,31,162.4,66.2,25.1,overweight,91.0,81.0,100.0,72.0,87.0,47.0,34.36893921473612
7168F,female,20,164.6,92.4,34.1,obese,114.0,101.0,113.0,73.0,92.0,47.0,37.29100770236935
7169F,female,43,164.7,50.0,18.4,underweight,88.0,67.0,92.0,73.0,94.0,50.0,29.982001726852413
7170F,female,24,161.0,62.3,24.0,normal,89.0,80.0,100.0,72.0,93.0,48.0,33.62662479940232
7171F,female,25,160.7,47.6,18.4,underweight,83.0,63.0,90.0,71.0,86.0,54.0,30.34163719740332
7172F,female,27,163.6,50.0,18.7,normal,81.0,62.0,88.0,73.0,97.0,51.0,31.896029631527675
7173F,female,26,158.5,45.4,18.1,underweight,80.0,67.0,84.0,74.0,90.0,49.0,33.32689704468433
7174F,female,22,159.6,46.1,18.1,underweight,80.0,60.0,88.0,74.0,87.0,49.0,32.290256350318444
7175F,female,53,151.7,42.3,18.4,underweight,85.0,72.0,85.0,64.0,82.0,45.0,28.774110375814978
7176F,female,25,148.0,88.6,40.4,extrmly obese,110.0,98.0,111.0,64.0,77.0,40.0,34.47813632189025
7177F,female,41,157.9,65.0,26.1,overweight,100.0,82.0,97.0,68.0,88.0,45.0,35.23263665518767
7178F,female,23,170.5,56.3,19.4,normal,85.0,71.0,95.0,77.0,98.0,51.0,28.910588615859496
7179F,female,24,156.3,49.9,20.4,normal,83.0,66.0,89.0,72.0,87.0,45.0,30.610071800102535
7180F,female,30,167.2,51.6,18.5,underweight,86.0,71.0,95.0,75.0,95.0,48.0,31.26001365255081
7181F,female,33,167.2,51.7,18.5,underweight,85.0,61.0,92.0,73.0,94.0,47.0,29.770073531613498
7182F,female,41,168.5,65.8,23.2,normal,95.0,83.0,0.0,70.0,95.0,54.0,32.00530034386348
7183F,female,29,159.8,47.1,18.4,underweight,83.0,69.0,89.0,74.0,92.0,48.0,32.9700367747346
7184F,female,51,168.7,49.1,17.3,underweight,79.0,62.0,87.0,78.0,94.0,54.0,30.501903542360782
7185F,female,30,164.3,68.0,25.2,overweight,94.0,84.0,103.0,72.0,94.0,52.0,30.24467158621448
7186F,female,49,156.3,65.6,26.9,overweight,97.0,91.0,99.0,69.0,91.0,45.0,29.40330420270591
7187F,female,39,161.3,47.5,18.3,underweight,80.0,66.0,91.0,74.0,94.0,49.0,30.901626543648327
7188F,female,33,159.7,55.7,21.8,normal,89.0,71.0,90.0,72.0,90.0,43.0,33.73630723877232
7189F,female,31,161.2,71.8,27.6,overweight,104.0,87.0,102.0,73.0,93.0,48.0,34.339980876144956
7190F,female,27,164.9,46.1,17.0,underweight,79.0,59.0,88.0,74.0,95.0,48.0,29.903481737903853
7191F,female,29,168.1,51.5,18.2,underweight,86.0,69.0,96.0,76.0,94.0,56.0,26.580661957798
7192F,female,30,154.2,46.4,19.5,normal,82.0,63.0,85.0,66.0,86.0,41.0,27.658847508436324
7193F,female,36,159.9,57.5,22.5,normal,92.0,75.0,97.0,71.0,86.0,45.0,29.69668834127282
7194F,female,31,161.6,45.9,17.5,underweight,79.0,63.0,86.0,74.0,97.0,48.0,32.73403696154327
7195F,female,47,162.4,63.9,24.2,normal,91.0,75.0,106.0,67.0,89.0,48.0,33.60562749828019
7196F,female,51,158.5,49.6,19.7,normal,81.0,67.0,93.0,69.0,88.0,47.0,32.02795604239544
7197F,female,22,156.2,42.1,17.3,underweight,76.0,64.0,85.0,69.0,90.0,48.0,33.71229919964176
7198F,female,38,167.3,69.0,24.7,normal,100.0,79.0,102.0,74.0,94.0,48.0,32.79745879240069
7199F,female,31,170.9,63.7,21.8,normal,88.0,71.0,96.0,78.0,98.0,55.0,30.924418847664143
7200F,female,21,160.0,65.2,25.5,overweight,95.0,76.0,103.0,75.0,92.0,48.0,31.434959756675802
7201F,female,44,161.5,48.0,18.4,underweight,82.0,68.0,87.0,72.0,92.0,48.0,29.015822674257304
7202F,female,37,167.9,73.4,26.0,overweight,99.0,85.0,100.0,63.0,83.0,55.0,36.93320268646332
7203F,female,27,167.7,68.1,24.2,normal,97.0,80.0,100.0,73.0,95.0,52.0,34.652762332752815
7204F,female,25,165.0,82.5,30.3,obese,101.0,81.0,111.0,73.0,95.0,48.0,34.74347982579344
7205F,female,46,159.2,71.0,28.0,overweight,105.0,88.0,99.0,70.0,85.0,49.0,31.06628602497885
7206F,female,38,167.0,84.0,30.1,obese,100.0,85.0,100.0,70.0,88.0,46.0,37.26584559416196
7207F,female,23,169.4,95.9,33.4,obese,113.0,98.0,117.0,74.0,92.0,54.0,31.250351638509848
7208F,female,30,155.7,73.9,30.5,obese,102.0,83.0,103.0,69.0,85.0,45.0,34.76603468385064
7209F,female,27,170.2,62.5,21.6,normal,89.0,69.0,95.0,79.0,94.0,52.0,29.191426736564406
7210F,female,50,152.0,51.9,22.5,normal,88.0,75.0,93.0,67.0,85.0,44.0,32.73723815504992
7211F,female,35,155.8,54.9,22.6,normal,87.0,74.0,93.0,69.0,88.0,49.0,28.625833773949207
7212F,female,50,159.9,52.8,20.7,normal,84.0,74.0,92.0,70.0,86.0,46.0,32.55043052434048
7213F,female,26,159.0,58.7,23.2,normal,91.0,74.0,95.0,71.0,87.0,45.0,31.05411270403509
7214F,female,20,172.2,69.1,23.3,normal,96.0,74.0,102.0,77.0,98.0,52.0,34.60971501964179
7215F,female,28,166.1,52.6,19.1,normal,85.0,68.0,94.0,79.0,97.0,50.0,33.08058342937327
7216F,female,51,156.6,64.9,26.5,overweight,97.0,81.0,99.0,70.0,88.0,42.0,33.69793269120136
7217F,female,38,162.8,45.9,17.3,underweight,77.0,61.0,83.0,72.0,95.0,51.0,31.25481558021245
7218F,female,33,162.1,48.1,18.3,underweight,81.0,61.0,89.0,73.0,90.0,49.0,32.27167790446577
7219F,female,27,157.2,46.7,18.9,normal,81.0,64.0,87.0,70.0,90.0,46.0,31.46438243217331
7220F,female,37,163.8,67.9,25.2,overweight,99.0,86.0,96.0,68.0,79.0,49.0,30.816926226194223
7221F,female,25,162.3,75.4,28.6,overweight,109.0,87.0,102.0,74.0,94.0,46.0,35.876730182656125
7222F,female,48,166.1,50.9,18.4,underweight,86.0,66.0,89.0,80.0,100.0,48.0,32.027495541783644
7223F,female,23,160.8,45.9,17.8,underweight,81.0,63.0,87.0,73.0,94.0,50.0,31.16685330208896
7224F,female,49,169.7,66.1,23.0,normal,90.0,78.0,99.0,77.0,95.0,50.0,36.62428409009741
7225F,female,24,159.0,54.7,21.6,normal,89.0,69.0,92.0,70.0,79.0,48.0,31.52785830128109
7226F,female,52,160.0,64.0,25.0,overweight,87.0,71.0,96.0,75.0,95.0,47.0,27.7738601934787
7227F,female,34,163.0,81.5,30.7,obese,91.0,83.0,103.0,70.0,90.0,51.0,31.211923051839552
7228F,female,35,161.7,55.3,21.1,normal,85.0,74.0,96.0,74.0,93.0,47.0,28.929910562595158
7229F,female,48,154.4,55.6,23.3,normal,91.0,71.0,90.0,64.0,75.0,47.0,34.65458343395295
7230F,female,21,169.0,56.8,19.8,normal,86.0,67.0,96.0,81.0,103.0,52.0,30.374705617659018
7231F,female,35,159.0,65.9,26.1,overweight,92.0,74.0,98.0,73.0,89.0,51.0,31.233082205951543
7232F,female,25,166.3,55.9,20.2,normal,85.0,68.0,92.0,78.0,95.0,56.0,30.792786501313774
7233F,female,24,160.2,54.0,21.0,normal,86.0,68.0,96.0,73.0,91.0,48.0,28.741148298244305
7234F,female,52,154.5,53.7,22.5,normal,89.0,72.0,92.0,68.0,79.0,43.0,35.12706733095229
7235F,female,39,160.8,77.6,30.0,obese,96.0,88.0,99.0,73.0,91.0,48.0,33.551419241214255
7236F,female,38,162.5,45.4,17.2,underweight,80.0,64.0,85.0,72.0,98.0,51.0,31.78915516954875
7237F,female,24,167.1,53.6,19.2,normal,82.0,67.0,91.0,80.0,98.0,51.0,32.26994958506144
7238F,female,27,166.8,50.8,18.3,underweight,83.0,66.0,87.0,76.0,96.0,52.0,31.964193567678073
7239F,female,28,168.0,70.0,24.8,normal,106.0,84.0,103.0,75.0,96.0,48.0,35.474248750153514
7240F,female,57,149.5,45.1,20.2,normal,88.0,71.0,85.0,66.0,79.0,42.0,30.495524891606944
7241F,female,20,167.7,66.1,23.5,normal,97.0,79.0,96.0,77.0,91.0,55.0,33.87350656006474
7242F,female,29,156.2,68.9,28.2,overweight,99.0,78.0,102.0,68.0,86.0,48.0,35.10224158081033
7243F,female,23,155.7,55.4,22.9,normal,85.0,68.0,93.0,70.0,85.0,45.0,33.2306080477214
7244F,female,26,159.4,55.1,21.7,normal,86.0,67.0,93.0,72.0,91.0,47.0,30.83615670032189
7245F,female,43,160.0,54.1,21.1,normal,86.0,75.0,89.0,71.0,92.0,50.0,35.44206116198264
7246F,female,21,158.3,71.1,28.4,overweight,97.0,78.0,102.0,67.0,83.0,45.0,35.42514789766968
7247F,female,25,163.0,45.5,17.1,underweight,79.0,60.0,85.0,69.0,89.0,46.0,28.36406535874859
7248F,female,22,161.5,66.7,25.6,overweight,97.0,81.0,103.0,71.0,88.0,45.0,31.76558711337741
7249F,female,25,158.0,75.4,30.2,obese,97.0,78.0,106.0,71.0,88.0,47.0,34.114132718461384
7250F,female,27,160.7,59.9,23.1,normal,89.0,74.0,97.0,75.0,87.0,46.0,32.924916766081274
7251F,female,35,161.8,46.9,17.9,underweight,82.0,62.0,87.0,73.0,90.0,46.0,31.413702718881808
7252F,female,35,169.8,52.9,18.3,underweight,90.0,68.0,96.0,77.0,94.0,50.0,34.82718411315931
7253F,female,27,165.8,57.2,20.8,normal,89.0,74.0,94.0,77.0,95.0,46.0,32.289770693718665
7254F,female,32,164.4,55.0,20.3,normal,83.0,66.0,94.0,73.0,90.0,46.0,30.319986357909524
7255F,female,33,164.5,49.8,18.4,underweight,89.0,62.0,90.0,73.0,95.0,54.0,35.198897111029
7256F,female,22,164.4,43.9,16.2,underweight,80.0,60.0,84.0,76.0,98.0,51.0,31.814654806429484
7257F,female,25,155.0,46.2,19.2,normal,79.0,61.0,87.0,72.0,87.0,45.0,32.77349054926386
7258F,female,32,164.0,53.2,19.8,normal,83.0,65.0,94.0,76.0,96.0,53.0,32.46179050163832
7259F,female,50,168.6,54.7,19.2,normal,84.0,68.0,90.0,76.0,88.0,54.0,30.936137166485363
7260F,female,29,159.5,42.7,16.8,underweight,77.0,59.0,82.0,75.0,90.0,48.0,31.843980873631228
7261F,female,36,166.1,64.2,23.3,normal,96.0,77.0,94.0,75.0,93.0,46.0,34.460036930366016
7262F,female,34,154.8,45.5,19.0,normal,82.0,69.0,90.0,70.0,89.0,45.0,33.717780130493374
7263F,female,26,157.6,75.3,30.3,obese,102.0,85.0,110.0,64.0,73.0,50.0,37.020481965511884
7264F,female,38,166.3,58.2,21.0,normal,84.0,69.0,96.0,78.0,94.0,47.0,29.254350028963426
7265F,female,26,157.9,59.5,23.9,normal,97.0,74.0,97.0,72.0,83.0,48.0,33.725216229363944
7266F,female,36,158.0,100.0,40.1,extrmly obese,116.0,112.0,122.0,67.0,86.0,48.0,34.62643075630399
